no;id;time;y;x;z
1;1;1;4.791866807;2.198810349;-0.710406564
2;1;2;2.330391944;1.312412976;-0.710406564
3;1;3;-0.020206701;-0.265145057;-0.710406564
4;1;4;0.796744205;0.543194059;-0.710406564
5;1;5;-0.429238909;-0.414339948;-0.710406564
6;1;6;-0.319841901;-0.476246895;-0.710406564
7;1;7;-1.987106065;-0.788602838;-0.710406564
8;1;8;-0.550915943;-0.594617267;-0.710406564
9;1;9;3.141369571;1.650907467;-0.710406564
10;1;10;0.123441516;-0.054028125;-0.710406564
11;2;1;1.237673574;0.119245236;0.256883709
12;2;2;1.172041031;0.24368743;0.256883709
13;2;3;3.497267557;1.232475878;0.256883709
14;2;4;-0.74907876;-0.516063831;0.256883709
15;2;5;-1.154818372;-0.99250715;0.256883709
16;2;6;4.662553646;1.675696932;0.256883709
17;2;7;-1.071124393;-0.441163217;0.256883709
18;2;8;-1.291830668;-0.72306597;0.256883709
19;2;9;-2.155250651;-1.236273119;0.256883709
20;2;10;-2.465711927;-1.284715722;0.256883709
21;3;1;1.497206936;-0.573973479;-0.246691878
22;3;2;3.174869834;0.617985817;-0.246691878
23;3;3;3.57278511;1.109848139;-0.246691878
24;3;4;3.5317547;0.707588354;-0.246691878
25;3;5;1.512730155;-0.363657297;-0.246691878
26;3;6;2.983254987;0.059749937;-0.246691878
27;3;7;0.47429338;-0.704596464;-0.246691878
28;3;8;1.58157068;-0.717218162;-0.246691878
29;3;9;4.403844731;0.884650499;-0.246691878
30;3;10;0.585353297;-1.015592579;-0.246691878
31;4;1;4.381062188;1.955293965;-0.347542599
32;4;2;1.692931844;-0.090319594;-0.347542599
33;4;3;1.243679329;0.214538827;-0.347542599
34;4;4;-1.49276711;-0.738527705;-0.347542599
35;4;5;-0.353968523;-0.57438869;-0.347542599
36;4;6;-2.704517208;-1.317016132;-0.347542599
37;4;7;0.375631257;-0.182925388;-0.347542599
38;4;8;1.5235884;0.418982405;-0.347542599
39;4;9;1.886260625;0.324304344;-0.347542599
40;4;10;-0.16158779;-0.781536487;-0.347542599
41;5;1;-1.286817973;-0.788621971;-0.951618567
42;5;2;0.052135449;-0.502198718;-0.951618567
43;5;3;4.357761346;1.49606067;-0.951618567
44;5;4;-2.013200792;-1.137303621;-0.951618567
45;5;5;-0.03082692;-0.179051594;-0.951618567
46;5;6;4.783591276;1.902361822;-0.951618567
47;5;7;0.543052666;-0.100974885;-0.951618567
48;5;8;-1.791815476;-1.359840704;-0.951618567
49;5;9;0.026281728;-0.664769435;-0.951618567
50;5;10;1.817939969;0.485459979;-0.951618567
51;6;1;2.467196016;-0.375602872;-0.045027725
52;6;2;1.880251129;-0.561876364;-0.045027725
53;6;3;2.221526851;-0.343917234;-0.045027725
54;6;4;3.066586638;0.090496647;-0.045027725
55;6;5;6.535230319;1.598508771;-0.045027725
56;6;6;2.014290963;-0.088565112;-0.045027725
57;6;7;4.301558752;1.080799496;-0.045027725
58;6;8;4.250032357;0.630754116;-0.045027725
59;6;9;2.405426501;-0.113639896;-0.045027725
60;6;10;-0.336250275;-1.532902003;-0.045027725
61;7;1;0.396868025;-0.521117318;-0.784904469
62;7;2;0.465370589;-0.489870453;-0.784904469
63;7;3;1.031437585;0.047154433;-0.784904469
64;7;4;3.512589392;1.300198678;-0.784904469
65;7;5;5.691421223;2.293078974;-0.784904469
66;7;6;4.695134984;1.547581059;-0.784904469
67;7;7;1.015172286;-0.133150964;-0.784904469
68;7;8;-1.728087064;-1.756527396;-0.784904469
69;7;9;0.287085808;-0.388779864;-0.784904469
70;7;10;1.80971222;0.089207223;-0.784904469
71;8;1;1.032494961;0.845013004;-1.667941937
72;8;2;1.132065465;0.962527968;-1.667941937
73;8;3;0.476937009;0.684309429;-1.667941937
74;8;4;-4.029522101;-1.39527435;-1.667941937
75;8;5;0.545735134;0.849643046;-1.667941937
76;8;6;-1.877448888;-0.446557216;-1.667941937
77;8;7;-0.724982357;0.1748027;-1.667941937
78;8;8;-0.478317614;0.074551177;-1.667941937
79;8;9;-0.297357235;0.428166765;-1.667941937
80;8;10;-1.084870698;0.024674983;-1.667941937
81;9;1;-3.454075851;-1.667475098;-0.38022652
82;9;2;1.526857653;0.736495965;-0.38022652
83;9;3;0.860704204;0.386026568;-0.38022652
84;9;4;-1.56513725;-0.265651625;-0.38022652
85;9;5;-0.323092939;0.118144511;-0.38022652
86;9;6;0.354867724;0.134038645;-0.38022652
87;9;7;0.432430938;0.221019469;-0.38022652
88;9;8;2.804291556;1.640846166;-0.38022652
89;9;9;-1.310835958;-0.219050379;-0.38022652
90;9;10;0.281980046;0.168065384;-0.38022652
91;10;1;3.677351963;1.168383873;0.918996609
92;10;2;4.008817697;1.054181023;0.918996609
93;10;3;3.285134158;1.14526311;0.918996609
94;10;4;0.605492753;-0.577468001;0.918996609
95;10;5;5.060312874;2.00248273;0.918996609
96;10;6;1.205004128;0.066700871;0.918996609
97;10;7;4.909952681;1.866851845;0.918996609
98;10;8;-2.12325766;-1.350902686;0.918996609
99;10;9;1.029944401;0.020983586;0.918996609
100;10;10;3.967889326;1.249914571;0.918996609
101;11;1;0.131061048;-0.715242187;-0.575346963
102;11;2;0.270227345;-0.752688968;-0.575346963
103;11;3;-0.514554466;-0.938538704;-0.575346963
104;11;4;0.008557856;-1.052513279;-0.575346963
105;11;5;1.274489141;-0.437159533;-0.575346963
106;11;6;2.922940338;0.331179173;-0.575346963
107;11;7;-2.701917695;-2.014210498;-0.575346963
108;11;8;2.4139867;0.211980433;-0.575346963
109;11;9;3.937729563;1.236675046;-0.575346963
110;11;10;6.011364028;2.037574018;-0.575346963
111;12;1;4.937459933;1.301175992;0.607964322
112;12;2;2.925582872;0.756774764;0.607964322
113;12;3;-1.43132315;-1.726730399;0.607964322
114;12;4;0.08594828;-0.601506708;0.607964322
115;12;5;0.72043897;-0.352046457;0.607964322
116;12;6;3.290204669;0.703523903;0.607964322
117;12;7;1.112897185;-0.105671334;0.607964322
118;12;8;-1.704983686;-1.258648628;0.607964322
119;12;9;5.665251622;1.684435708;0.607964322
120;12;10;3.666757191;0.911391292;0.607964322
121;13;1;0.774870921;0.237430272;-1.617882708
122;13;2;2.031007923;1.21810861;-1.617882708
123;13;3;-1.134613592;-1.338774287;-1.617882708
124;13;4;3.608656103;0.660820298;-1.617882708
125;13;5;-0.350254452;-0.522912376;-1.617882708
126;13;6;2.384224464;0.683745522;-1.617882708
127;13;7;1.082466343;-0.060821955;-1.617882708
128;13;8;1.506849306;0.632960713;-1.617882708
129;13;9;3.087267212;1.335517615;-1.617882708
130;13;10;-0.257150241;0.00729009;-1.617882708
131;14;1;2.749729891;1.017558637;-0.055561966
132;14;2;-0.982761446;-1.188434035;-0.055561966
133;14;3;-0.505665142;-0.72160444;-0.055561966
134;14;4;4.014231389;1.519217711;-0.055561966
135;14;5;1.781397903;0.377387973;-0.055561966
136;14;6;-3.953377399;-2.05222282;-0.055561966
137;14;7;-1.226358204;-1.364037452;-0.055561966
138;14;8;-0.040406742;-0.200781016;-0.055561966
139;14;9;2.710175461;0.865779404;-0.055561966
140;14;10;0.659853491;-0.101883256;-0.055561966
141;15;1;1.842940503;0.624187472;0.519407204
142;15;2;3.351856195;0.959005378;0.519407204
143;15;3;3.754942166;1.671054829;0.519407204
144;15;4;0.424347136;0.056016733;0.519407204
145;15;5;-0.159928343;-0.051981906;0.519407204
146;15;6;-3.205461292;-1.753237359;0.519407204
147;15;7;0.319425302;0.099327594;0.519407204
148;15;8;-0.23586455;-0.571850058;0.519407204
149;15;9;-1.675658821;-0.974009583;0.519407204
150;15;10;0.496071023;-0.179906231;0.519407204
151;16;1;4.894162419;1.014943173;0.301153362
152;16;2;-1.764788249;-1.992748489;0.301153362
153;16;3;1.687627351;-0.427279287;0.301153362
154;16;4;3.613320613;0.116637284;0.301153362
155;16;5;1.602612721;-0.89320757;0.301153362
156;16;6;4.60808234;0.333902942;0.301153362
157;16;7;3.758559505;0.411429921;0.301153362
158;16;8;2.123504092;-0.033036159;0.301153362
159;16;9;-2.378515083;-2.465898194;0.301153362
160;16;10;8.284650362;2.571458146;0.301153362
161;17;1;2.090158228;-0.205299257;0.105676194
162;17;2;2.9080797;0.651193282;0.105676194
163;17;3;2.66841497;0.273766491;0.105676194
164;17;4;3.984075697;1.024673235;0.105676194
165;17;5;2.601961657;0.817659446;0.105676194
166;17;6;1.045545907;-0.209793171;0.105676194
167;17;7;2.959654888;0.378167772;0.105676194
168;17;8;0.097918968;-0.945408831;0.105676194
169;17;9;3.496432668;0.856923011;0.105676194
170;17;10;0.86716902;-0.461038339;0.105676194
171;18;1;3.300873897;2.416773354;-0.640706008
172;18;2;-5.248760609;-1.651048896;-0.640706008
173;18;3;-1.567231751;-0.463987243;-0.640706008
174;18;4;-0.346320181;0.825379863;-0.640706008
175;18;5;-0.736153027;0.510132547;-0.640706008
176;18;6;-2.151449742;-0.589481039;-0.640706008
177;18;7;-3.91162892;-0.996780742;-0.640706008
178;18;8;-1.273953958;0.144475705;-0.640706008
179;18;9;-1.906984741;-0.014307413;-0.640706008
180;18;10;-4.557200856;-1.790281237;-0.640706008
181;19;1;1.568762371;0.034551067;-0.849704346
182;19;2;1.867906707;0.190230316;-0.849704346
183;19;3;1.847188909;0.174726397;-0.849704346
184;19;4;-0.554907483;-1.055017043;-0.849704346
185;19;5;2.548448531;0.476133278;-0.849704346
186;19;6;3.049313224;1.378570137;-0.849704346
187;19;7;2.114568354;0.456236403;-0.849704346
188;19;8;-0.938441306;-1.13558847;-0.849704346
189;19;9;0.76755089;-0.43564547;-0.849704346
190;19;10;1.37496793;0.34610362;-0.849704346
191;20;1;-1.528747161;-0.647045631;-1.024128791
192;20;2;-4.836969968;-2.157646335;-1.024128791
193;20;3;2.312265943;0.88425082;-1.024128791
194;20;4;-1.004274735;-0.829477612;-1.024128791
195;20;5;-0.738137982;-0.573560271;-1.024128791
196;20;6;2.411743724;1.503900609;-1.024128791
197;20;7;-1.307169604;-0.77414493;-1.024128791
198;20;8;2.281831871;0.84573154;-1.024128791
199;20;9;-2.42225107;-1.260682879;-1.024128791
200;20;10;-0.976995276;-0.354542403;-1.024128791
201;21;1;-0.699171566;-0.073556019;0.117646597
202;21;2;-2.678954654;-1.168651424;0.117646597
203;21;3;-0.921072759;-0.634748265;0.117646597
204;21;4;-0.282514063;-0.028841553;0.117646597
205;21;5;1.446199;0.670695969;0.117646597
206;21;6;-2.662620596;-1.650546543;0.117646597
207;21;7;-0.419341416;-0.349754239;0.117646597
208;21;8;2.18614886;0.756406439;0.117646597
209;21;9;-1.937408629;-0.53880916;0.117646597
210;21;10;0.305245296;0.227291922;0.117646597
211;22;1;1.325278928;0.49222857;-0.947474614
212;22;2;1.133252455;0.267835015;-0.947474614
213;22;3;1.030199826;0.653257679;-0.947474614
214;22;4;0.465962884;-0.122708661;-0.947474614
215;22;5;-0.365370211;-0.413676514;-0.947474614
216;22;6;-4.846107119;-2.643148952;-0.947474614
217;22;7;0.376648137;-0.092941018;-0.947474614
218;22;8;1.110677951;0.430284696;-0.947474614
219;22;9;1.841858509;0.535398841;-0.947474614
220;22;10;-0.478154038;-0.555278351;-0.947474614
221;23;1;3.212617962;1.77950291;-0.490557444
222;23;2;0.821754179;0.28642442;-0.490557444
223;23;3;0.127627889;0.126315858;-0.490557444
224;23;4;2.607626088;1.272266779;-0.490557444
225;23;5;-2.005304434;-0.718466221;-0.490557444
226;23;6;-0.3817445;-0.450338624;-0.490557444
227;23;7;4.521627318;2.39745248;-0.490557444
228;23;8;0.174896589;0.011129187;-0.490557444
229;23;9;2.94579541;1.633568421;-0.490557444
230;23;10;-3.288111413;-1.438506645;-0.490557444
231;24;1;0.154248193;-0.190516802;-0.256092192
232;24;2;0.10760216;0.378423904;-0.256092192
233;24;3;0.982322839;0.300038545;-0.256092192
234;24;4;-1.671426658;-1.00563626;-0.256092192
235;24;5;-1.166083461;0.019259275;-0.256092192
236;24;6;-1.827589967;-1.077420653;-0.256092192
237;24;7;0.484260451;0.712703325;-0.256092192
238;24;8;2.642515043;1.08477509;-0.256092192
239;24;9;-4.533869585;-2.224987696;-0.256092192
240;24;10;2.266981187;1.235693462;-0.256092192
241;25;1;-1.18862041;-1.241044497;1.843862005
242;25;2;2.892956295;0.454769269;1.843862005
243;25;3;2.299035472;0.659902638;1.843862005
244;25;4;1.176163726;-0.199889828;1.843862005
245;25;5;0.177242755;-0.645113957;1.843862005
246;25;6;1.037774463;0.165321021;1.843862005
247;25;7;1.304018128;0.438818701;1.843862005
248;25;8;2.067204489;0.88330282;1.843862005
249;25;9;-2.532145127;-2.052336984;1.843862005
250;25;10;-1.993237832;-1.636379268;1.843862005
251;26;1;2.773422273;1.430402341;-0.651949902
252;26;2;1.367426987;1.046628847;-0.651949902
253;26;3;0.282757582;0.435288949;-0.651949902
254;26;4;1.084880345;0.715178407;-0.651949902
255;26;5;0.571322025;0.917174918;-0.651949902
256;26;6;-6.079464894;-2.660922798;-0.651949902
257;26;7;1.642282567;1.110277097;-0.651949902
258;26;8;-1.297967611;-0.484987597;-0.651949902
259;26;9;-0.170109027;0.230616831;-0.651949902
260;26;10;-1.392410277;-0.295157801;-0.651949902
261;27;1;3.265298215;0.871964954;0.235386572
262;27;2;1.623315613;-0.348472449;0.235386572
263;27;3;3.242620799;0.518503766;0.235386572
264;27;4;1.4912355;-0.390684979;0.235386572
265;27;5;-0.018271565;-1.092787209;0.235386572
266;27;6;4.274582329;1.21001051;0.235386572
267;27;7;3.398847404;0.740900011;0.235386572
268;27;8;5.747686866;1.724262239;0.235386572
269;27;9;2.171603949;0.065153933;0.235386572
270;27;10;3.790431535;1.125002746;0.235386572
271;28;1;4.998112091;1.975419054;0.07796085
272;28;2;-0.03017355;-0.281482115;0.07796085
273;28;3;-1.937064634;-1.322951113;0.07796085
274;28;4;0.641344873;-0.239351567;0.07796085
275;28;5;-0.134795216;-0.21404124;0.07796085
276;28;6;0.651443314;0.151680505;0.07796085
277;28;7;5.168246097;1.712304977;0.07796085
278;28;8;0.251756296;-0.326143893;0.07796085
279;28;9;1.012516989;0.373004656;0.07796085
280;28;10;0.680553793;-0.227684065;0.07796085
281;29;1;0.082370797;0.020450709;-0.961856634
282;29;2;0.340177221;0.314057664;-0.961856634
283;29;3;2.258055737;1.328214696;-0.961856634
284;29;4;0.215444457;0.121318377;-0.961856634
285;29;5;0.420868665;0.71284232;-0.961856634
286;29;6;1.303499401;0.77886003;-0.961856634
287;29;7;0.91693848;0.914773271;-0.961856634
288;29;8;-1.767472265;-0.574394552;-0.961856634
289;29;9;3.741929834;1.626881214;-0.961856634
290;29;10;-0.896261535;-0.380956739;-0.961856634
291;30;1;2.3905964;-0.105784168;-0.071308086
292;30;2;4.472097458;1.404050268;-0.071308086
293;30;3;4.41321073;1.294083906;-0.071308086
294;30;4;1.180235373;-1.089991872;-0.071308086
295;30;5;-0.074631505;-0.873071;-0.071308086
296;30;6;-0.390757553;-1.358079059;-0.071308086
297;30;7;3.028140793;0.181847193;-0.071308086
298;30;8;3.0572216;0.164840868;-0.071308086
299;30;9;3.490946258;0.364114687;-0.071308086
300;30;10;3.240911812;0.552157714;-0.071308086
301;31;1;0.53446061;-0.601892846;1.444550858
302;31;2;0.007713852;-0.993698591;1.444550858
303;31;3;3.751260759;1.026785056;1.444550858
304;31;4;3.964396627;0.751061303;1.444550858
305;31;5;-0.30941591;-1.509166537;1.444550858
306;31;6;3.022051525;-0.095147451;1.444550858
307;31;7;0.539901197;-0.895947823;1.444550858
308;31;8;-2.430153179;-2.070751071;1.444550858
309;31;9;2.961217345;0.150120131;1.444550858
310;31;10;2.442695679;-0.079211709;1.444550858
311;32;1;0.616817661;-0.097369268;0.451504053
312;32;2;0.584058175;0.216152542;0.451504053
313;32;3;3.07626582;0.882465164;0.451504053
314;32;4;1.90644775;0.205597504;0.451504053
315;32;5;-0.449745058;-0.616435843;0.451504053
316;32;6;-0.270796551;-0.734799252;0.451504053
317;32;7;0.52912972;-0.131802793;0.451504053
318;32;8;1.891872139;0.310016987;0.451504053
319;32;9;-1.207325519;-1.039680353;0.451504053
320;32;10;0.389724874;-0.184308869;0.451504053
321;33;1;3.906086891;0.96726726;0.041232922
322;33;2;1.557479282;-0.108280091;0.041232922
323;33;3;0.223392205;-0.698420668;0.041232922
324;33;4;1.20588332;-0.275945168;0.041232922
325;33;5;4.140963137;1.114648545;0.041232922
326;33;6;3.119577615;0.550043961;0.041232922
327;33;7;5.155305533;1.2366758;0.041232922
328;33;8;1.514938921;0.139097857;0.041232922
329;33;9;2.63648279;0.410275096;0.041232922
330;33;10;1.114589861;-0.558456912;0.041232922
331;34;1;3.758636861;0.605370669;-0.422496832
332;34;2;0.867225168;-0.506333542;-0.422496832
333;34;3;-1.181122646;-1.420565505;-0.422496832
334;34;4;1.769092548;0.127992966;-0.422496832
335;34;5;5.765741589;1.945851218;-0.422496832
336;34;6;3.763242711;0.80091434;-0.422496832
337;34;7;3.905462696;1.16525339;-0.422496832
338;34;8;2.466477221;0.358855723;-0.422496832
339;34;9;0.558238887;-0.608557178;-0.422496832
340;34;10;1.627042178;-0.202240855;-0.422496832
341;35;1;0.804151461;-0.273248107;-2.053247222
342;35;2;-0.00286168;-0.46869978;-2.053247222
343;35;3;2.165206703;0.704167284;-2.053247222
344;35;4;-0.902437968;-1.197363502;-2.053247222
345;35;5;2.609956794;0.866366132;-2.053247222
346;35;6;3.312188433;0.864152486;-2.053247222
347;35;7;-1.633248576;-1.198622359;-2.053247222
348;35;8;2.380902949;0.639491998;-2.053247222
349;35;9;4.882366478;2.430226652;-2.053247222
350;35;10;-0.375669474;-0.557215482;-2.053247222
351;36;1;3.933220074;0.844904241;1.131337213
352;36;2;0.310732461;-0.782201846;1.131337213
353;36;3;3.957785255;1.110711418;1.131337213
354;36;4;3.228037952;0.24982472;1.131337213
355;36;5;6.015219011;1.651915392;1.131337213
356;36;6;-1.312998594;-1.458970729;1.131337213
357;36;7;2.363902486;-0.051297886;1.131337213
358;36;8;0.644185849;-0.526925176;1.131337213
359;36;9;1.33424251;-0.197264869;1.131337213
360;36;10;1.2578576;-0.629578743;1.131337213
361;37;1;-1.187101543;-0.833843581;-1.460640071
362;37;2;2.477782358;0.578722375;-1.460640071
363;37;3;-1.332302011;-1.087580714;-1.460640071
364;37;4;4.059733969;1.484030932;-1.460640071
365;37;5;-1.810628901;-1.186206585;-1.460640071
366;37;6;0.450145253;0.101079151;-1.460640071
367;37;7;2.346952312;0.532989287;-1.460640071
368;37;8;2.116104042;0.586735339;-1.460640071
369;37;9;0.100570411;-0.301746664;-1.460640071
370;37;10;1.017219272;0.079501995;-1.460640071
371;38;1;3.89354452;0.961264152;0.739947511
372;38;2;-1.953953107;-1.456465917;0.739947511
373;38;3;-0.6301216;-0.781739712;0.739947511
374;38;4;1.639059147;0.320402314;0.739947511
375;38;5;-0.373997546;-0.444781978;0.739947511
376;38;6;4.457884102;1.370003994;0.739947511
377;38;7;2.750754595;0.673253863;0.739947511
378;38;8;1.555981537;0.072166752;0.739947511
379;38;9;-1.729126267;-1.507757318;0.739947511
380;38;10;1.105182275;0.026100225;0.739947511
381;39;1;0.604048078;-0.316415868;1.909103569
382;39;2;1.869824295;-0.102346514;1.909103569
383;39;3;-1.42762167;-1.181559227;1.909103569
384;39;4;2.86605468;0.498658044;1.909103569
385;39;5;-0.825629585;-1.03895644;1.909103569
386;39;6;1.337300265;-0.226221981;1.909103569
387;39;7;2.041095519;0.381425829;1.909103569
388;39;8;-0.180113298;-0.783515789;1.909103569
389;39;9;3.699254891;0.582991406;1.909103569
390;39;10;-0.650290373;-1.316510402;1.909103569
391;40;1;-6.794415452;-2.809774679;-1.443893161
392;40;2;0.890724608;0.464967991;-1.443893161
393;40;3;1.352755604;0.840539827;-1.443893161
394;40;4;-1.242421523;-0.285845424;-1.443893161
395;40;5;1.010727873;0.504126255;-1.443893161
396;40;6;-2.349267874;-1.155916525;-1.443893161
397;40;7;-0.520968081;-0.127148607;-1.443893161
398;40;8;-2.99910255;-1.941518376;-1.443893161
399;40;9;1.135599168;1.181180891;-1.443893161
400;40;10;4.036513835;1.859910862;-1.443893161
401;41;1;2.659698074;1.07401226;0.701784335
402;41;2;0.929747961;-0.027346966;0.701784335
403;41;3;0.362525654;-0.033330342;0.701784335
404;41;4;-2.672882339;-1.516067623;0.701784335
405;41;5;1.381766043;0.790385344;0.701784335
406;41;6;0.129992613;-0.210734181;0.701784335
407;41;7;0.582072239;-0.656742925;0.701784335
408;41;8;-1.673015292;-1.412025793;0.701784335
409;41;9;0.894446273;-0.299762497;0.701784335
410;41;10;-0.584454422;-0.849061135;0.701784335
411;42;1;0.439054291;-0.39703052;-0.262197489
412;42;2;-1.322777791;-1.217599988;-0.262197489
413;42;3;4.273859159;1.687589483;-0.262197489
414;42;4;0.337714536;-0.016002527;-0.262197489
415;42;5;2.544406763;1.074945077;-0.262197489
416;42;6;-5.342835361;-2.60169967;-0.262197489
417;42;7;-0.24832054;-0.45319783;-0.262197489
418;42;8;-0.240302768;-0.675482292;-0.262197489
419;42;9;-1.268907103;-1.222926179;-0.262197489
420;42;10;3.801768638;1.546609154;-0.262197489
421;43;1;-4.155846079;-1.41528192;-1.572144159
422;43;2;1.230570811;0.31839026;-1.572144159
423;43;3;1.009746906;0.846436286;-1.572144159
424;43;4;0.015199598;0.178190188;-1.572144159
425;43;5;-2.970819706;-0.875255477;-1.572144159
426;43;6;0.811884369;0.941165807;-1.572144159
427;43;7;-0.485988719;0.170588082;-1.572144159
428;43;8;-2.340203088;-1.063497906;-1.572144159
429;43;9;-3.983303799;-1.388049048;-1.572144159
430;43;10;3.548774271;2.086717434;-1.572144159
431;44;1;0.00720853;-0.678503145;-1.514667654
432;44;2;-1.553148386;-1.855571654;-1.514667654
433;44;3;2.832136326;0.533259363;-1.514667654
434;44;4;3.588764009;0.310230256;-1.514667654
435;44;5;-0.378273077;-1.353834336;-1.514667654
436;44;6;-1.66947773;-1.942956414;-1.514667654
437;44;7;2.863567027;-0.116302517;-1.514667654
438;44;8;5.248551151;1.139396292;-1.514667654
439;44;9;3.234859607;0.636124035;-1.514667654
440;44;10;1.639680534;-0.492937424;-1.514667654
441;45;1;-0.875404836;-0.834188232;-1.601536174
442;45;2;1.711519913;0.271066757;-1.601536174
443;45;3;2.530189425;0.157353347;-1.601536174
444;45;4;3.391681381;0.629711747;-1.601536174
445;45;5;1.170107389;-0.39579795;-1.601536174
446;45;6;2.920450075;0.899354053;-1.601536174
447;45;7;-1.195144878;-0.830811527;-1.601536174
448;45;8;0.158255419;-0.3305447;-1.601536174
449;45;9;3.365101221;0.740814524;-1.601536174
450;45;10;3.241853186;0.989971609;-1.601536174
451;46;1;-5.34687532;-1.938504701;-0.530906522
452;46;2;-0.264274774;0.107190407;-0.530906522
453;46;3;1.53411579;0.608779012;-0.530906522
454;46;4;-2.968476151;-1.450824313;-0.530906522
455;46;5;0.162060084;0.4806256;-0.530906522
456;46;6;-2.817868711;-0.82817427;-0.530906522
457;46;7;1.238670567;1.020253012;-0.530906522
458;46;8;0.705666056;0.538482032;-0.530906522
459;46;9;1.593579596;0.769052295;-0.530906522
460;46;10;-1.117093263;0.120719329;-0.530906522
461;47;1;2.105135118;0.863648434;-1.461755585
462;47;2;2.629995292;1.380514528;-1.461755585
463;47;3;4.083622888;1.966248015;-1.461755585
464;47;4;-1.017180519;-0.028395055;-1.461755585
465;47;5;-4.965191999;-2.24905109;-1.461755585
466;47;6;-0.294827713;0.031526005;-1.461755585
467;47;7;0.799305463;0.205561208;-1.461755585
468;47;8;0.069633702;-0.155345347;-1.461755585
469;47;9;1.220359843;0.568288621;-1.461755585
470;47;10;2.689699392;1.010677965;-1.461755585
471;48;1;-0.416367427;-0.51798243;0.687916773
472;48;2;0.795380975;-0.294095327;0.687916773
473;48;3;1.655017436;0.397842209;0.687916773
474;48;4;-0.556815498;-0.550223741;0.687916773
475;48;5;1.521527819;0.091267383;0.687916773
476;48;6;-2.355561999;-1.961707599;0.687916773
477;48;7;-0.923371202;-1.119899721;0.687916773
478;48;8;-2.032909646;-1.327755476;0.687916773
479;48;9;-1.064838178;-0.853623697;0.687916773
480;48;10;0.1795319;-0.693304528;0.687916773
481;49;1;3.771043077;0.382305143;2.100108941
482;49;2;5.209032583;0.982113003;2.100108941
483;49;3;1.205901539;-0.727383529;2.100108941
484;49;4;1.466859092;-0.996838982;2.100108941
485;49;5;0.342264298;-1.041688859;2.100108941
486;49;6;2.313517896;-0.414588726;2.100108941
487;49;7;1.94337397;-0.239029068;2.100108941
488;49;8;2.565967148;0.483617534;2.100108941
489;49;9;1.515891149;-0.321324842;2.100108941
490;49;10;-1.25881135;-2.078489269;2.100108941
491;50;1;0.531708519;-0.091434276;-1.287030476
492;50;2;1.771838275;1.187186811;-1.287030476
493;50;3;2.030605998;1.191601269;-1.287030476
494;50;4;-0.422537742;-0.788963218;-1.287030476
495;50;5;-3.039387067;-1.547776544;-1.287030476
496;50;6;5.442086745;2.458060492;-1.287030476
497;50;7;-0.31519585;-0.162421942;-1.287030476
498;50;8;-0.071078247;-0.09745125;-1.287030476
499;50;9;1.157886176;0.420574189;-1.287030476
500;50;10;-2.949482296;-1.614039457;-1.287030476
501;51;1;0.09446961;-0.728219111;0.787738847
502;51;2;-1.668595115;-1.540442405;0.787738847
503;51;3;-1.262931735;-0.693094614;0.787738847
504;51;4;2.819214554;0.118849433;0.787738847
505;51;5;-0.187018874;-1.364709458;0.787738847
506;51;6;2.276612426;0.589982679;0.787738847
507;51;7;2.141822234;0.289344029;0.787738847
508;51;8;0.526395539;-0.904215026;0.787738847
509;51;9;2.598982834;0.226324942;0.787738847
510;51;10;3.781651072;0.748081162;0.787738847
511;52;1;2.942291413;1.061095253;0.769042241
512;52;2;2.218911856;-0.212848279;0.769042241
513;52;3;0.601970797;-0.093636794;0.769042241
514;52;4;1.559504266;-0.086714135;0.769042241
515;52;5;4.309535867;1.441461756;0.769042241
516;52;6;3.404262991;1.125071892;0.769042241
517;52;7;2.835069602;0.834401568;0.769042241
518;52;8;0.285594359;-0.2873408;0.769042241
519;52;9;2.913787131;0.373241434;0.769042241
520;52;10;2.207311641;0.403290331;0.769042241
521;53;1;-0.830506782;-1.041673294;0.332202579
522;53;2;-2.228561782;-1.728304515;0.332202579
523;53;3;2.219305511;0.641830028;0.332202579
524;53;4;-2.502400853;-1.529310531;0.332202579
525;53;5;1.253461364;0.001683688;0.332202579
526;53;6;0.57690675;0.250247821;0.332202579
527;53;7;1.541682141;0.56386739;0.332202579
528;53;8;0.96388496;0.189426238;0.332202579
529;53;9;-0.881816212;-0.732853806;0.332202579
530;53;10;3.14955696;0.98636586;0.332202579
531;54;1;6.140925288;1.738633767;-1.008376608
532;54;2;2.869109526;0.881178809;-1.008376608
533;54;3;-1.806049812;-1.943650901;-1.008376608
534;54;4;5.113338727;1.399576185;-1.008376608
535;54;5;1.257535986;-0.056055946;-1.008376608
536;54;6;2.887842838;0.524914279;-1.008376608
537;54;7;3.520285903;0.622033236;-1.008376608
538;54;8;1.543287282;-0.096686073;-1.008376608
539;54;9;1.603545411;-0.075263198;-1.008376608
540;54;10;4.056591514;1.019157069;-1.008376608
541;55;1;2.107699929;0.711601922;-0.119452607
542;55;2;2.417200758;0.990262246;-0.119452607
543;55;3;5.411048592;2.382926695;-0.119452607
544;55;4;2.984754335;0.664415864;-0.119452607
545;55;5;1.566099366;0.207381157;-0.119452607
546;55;6;-4.164062047;-2.210633111;-0.119452607
547;55;7;5.475471906;2.691714003;-0.119452607
548;55;8;-0.430842053;-0.482676822;-0.119452607
549;55;9;6.128359492;2.374734715;-0.119452607
550;55;10;1.610129406;0.374643568;-0.119452607
551;56;1;5.102380716;1.538430199;-0.280395335
552;56;2;2.597969578;-0.109710321;-0.280395335
553;56;3;3.332529252;0.511470755;-0.280395335
554;56;4;2.243849646;0.21395798;-0.280395335
555;56;5;2.234627765;-0.186120699;-0.280395335
556;56;6;2.897556693;-0.120393825;-0.280395335
557;56;7;4.619175758;1.012834336;-0.280395335
558;56;8;2.069356828;-0.201458147;-0.280395335
559;56;9;-2.027213616;-2.037682494;-0.280395335
560;56;10;2.268693705;-0.195889249;-0.280395335
561;57;1;0.277037906;0.539790606;0.562989533
562;57;2;0.139078883;0.616455716;0.562989533
563;57;3;0.944201213;0.616567817;0.562989533
564;57;4;-3.668757832;-1.692101521;0.562989533
565;57;5;1.652753844;0.368742058;0.562989533
566;57;6;1.060286728;0.96785921;0.562989533
567;57;7;2.371352487;1.276578681;0.562989533
568;57;8;-0.314654033;-0.224961271;0.562989533
569;57;9;-0.385746788;-0.321892586;0.562989533
570;57;10;2.703055384;1.487837832;0.562989533
571;58;1;-2.309089791;-1.667928046;-0.372438756
572;58;2;0.491842392;-0.436829977;-0.372438756
573;58;3;3.283196526;0.457462079;-0.372438756
574;58;4;-1.595783655;-1.617773765;-0.372438756
575;58;5;0.93541156;0.279627862;-0.372438756
576;58;6;5.865851978;1.877864021;-0.372438756
577;58;7;1.660524395;-0.004060653;-0.372438756
578;58;8;0.824700436;-0.278454025;-0.372438756
579;58;9;2.339285989;0.474911714;-0.372438756
580;58;10;0.76535517;-0.279072171;-0.372438756
581;59;1;3.367421426;0.813400374;0.976973387
582;59;2;3.1692784;0.904435464;0.976973387
583;59;3;1.756229885;0.002691661;0.976973387
584;59;4;-1.206721391;-1.176692158;0.976973387
585;59;5;-0.92402708;-1.318220727;0.976973387
586;59;6;0.979764916;-0.592997366;0.976973387
587;59;7;3.461704995;0.797380501;0.976973387
588;59;8;-1.787194574;-1.958205175;0.976973387
589;59;9;-2.705743761;-1.886325159;0.976973387
590;59;10;0.33217768;-0.653779825;0.976973387
591;60;1;2.126065987;0.394394848;-0.374580858
592;60;2;-1.33248339;-0.913566048;-0.374580858
593;60;3;3.585056383;0.886749037;-0.374580858
594;60;4;1.177987075;0.33336997;-0.374580858
595;60;5;0.769631258;-0.170639618;-0.374580858
596;60;6;2.742223578;0.818828137;-0.374580858
597;60;7;1.866216616;0.388365163;-0.374580858
598;60;8;0.031568794;-0.445935027;-0.374580858
599;60;9;1.715849402;0.231114934;-0.374580858
600;60;10;1.80809561;0.647513358;-0.374580858
601;61;1;1.973879811;0.356283345;1.052711466
602;61;2;0.262690481;-0.658010208;1.052711466
603;61;3;3.587737574;0.855202205;1.052711466
604;61;4;4.840241577;1.152936226;1.052711466
605;61;5;3.252271399;0.276274557;1.052711466
606;61;6;2.353945272;0.144104662;1.052711466
607;61;7;1.945540865;-0.075625081;1.052711466
608;61;8;6.107004466;2.161415846;1.052711466
609;61;9;2.482652822;0.276315532;1.052711466
610;61;10;0.887134228;-0.158294029;1.052711466
611;62;1;-4.897780696;-2.507917802;-1.049177007
612;62;2;-3.425252278;-1.565281765;-1.049177007
613;62;3;-0.014918971;-0.077673201;-1.049177007
614;62;4;0.212685464;0.206294045;-1.049177007
615;62;5;0.196025094;0.276872459;-1.049177007
616;62;6;1.506545916;0.82150678;-1.049177007
617;62;7;-0.59866923;-0.194152409;-1.049177007
618;62;8;2.949554736;1.214588794;-1.049177007
619;62;9;-1.765340001;-0.921516043;-1.049177007
620;62;10;-2.227551684;-1.20844272;-1.049177007
621;63;1;-3.041684154;-1.228986178;-1.260155245
622;63;2;2.269719897;0.742297024;-1.260155245
623;63;3;-0.04943967;-0.082919942;-1.260155245
624;63;4;1.188210136;0.789817922;-1.260155245
625;63;5;-0.344174526;-0.267706422;-1.260155245
626;63;6;-0.711852196;-0.591892102;-1.260155245
627;63;7;-1.391828725;-0.368352575;-1.260155245
628;63;8;-2.82346517;-1.852616824;-1.260155245
629;63;9;-2.381530879;-1.16961526;-1.260155245
630;63;10;-2.286768908;-1.442034646;-1.260155245
631;64;1;3.746719788;1.054322272;3.241039935
632;64;2;0.241072979;-0.597330091;3.241039935
633;64;3;2.263404267;0.789459853;3.241039935
634;64;4;4.084839678;1.516490602;3.241039935
635;64;5;1.197724816;-0.191774809;3.241039935
636;64;6;2.58362867;0.283878906;3.241039935
637;64;7;-2.841029782;-1.751067519;3.241039935
638;64;8;0.652325585;-0.818669778;3.241039935
639;64;9;2.413869515;0.056214849;3.241039935
640;64;10;1.628460263;0.299086903;3.241039935
641;65;1;-1.562865974;-0.759398117;-0.416857588
642;65;2;4.572678371;2.684858999;-0.416857588
643;65;3;-1.259600288;-0.458390139;-0.416857588
644;65;4;0.312598462;0.064243557;-0.416857588
645;65;5;1.453533538;0.649791867;-0.416857588
646;65;6;-0.756844592;-0.026018635;-0.416857588
647;65;7;-1.760673022;-0.643567387;-0.416857588
648;65;8;1.322309522;1.045305664;-0.416857588
649;65;9;3.120642456;1.615545323;-0.416857588
650;65;10;-1.119145545;-0.029693971;-0.416857588
651;66;1;1.262514407;0.562267345;0.298227592
652;66;2;1.992723581;-0.097412499;0.298227592
653;66;3;4.622289329;1.016455218;0.298227592
654;66;4;-1.087209121;-1.156167394;0.298227592
655;66;5;6.474914129;2.320860224;0.298227592
656;66;6;0.24182855;-0.603531248;0.298227592
657;66;7;-0.727899492;-1.458849414;0.298227592
658;66;8;1.027878749;-0.350917827;0.298227592
659;66;9;1.847891388;0.146708484;0.298227592
660;66;10;3.800316627;1.623621208;0.298227592
661;67;1;4.13039181;0.911209677;0.636569674
662;67;2;1.875984672;0.142458432;0.636569674
663;67;3;-1.714217475;-1.389483524;0.636569674
664;67;4;-0.066479206;-0.866037745;0.636569674
665;67;5;1.376535671;-0.163284932;0.636569674
666;67;6;7.402150279;2.553026113;0.636569674
667;67;7;-2.537658549;-1.860227574;0.636569674
668;67;8;3.749782106;1.131054652;0.636569674
669;67;9;1.456086065;-0.527234257;0.636569674
670;67;10;5.7778093;1.6659909;0.636569674
671;68;1;-0.885680094;-1.13920064;-0.483780626
672;68;2;1.929122356;0.143623235;-0.483780626
673;68;3;-1.28597248;-1.099550942;-0.483780626
674;68;4;2.327204923;0.903516426;-0.483780626
675;68;5;4.056274922;1.483779489;-0.483780626
676;68;6;5.24191749;1.950721006;-0.483780626
677;68;7;3.613131865;0.797600658;-0.483780626
678;68;8;3.515155257;1.843266255;-0.483780626
679;68;9;3.440579583;1.246423909;-0.483780626
680;68;10;0.874761382;-0.131874912;-0.483780626
681;69;1;3.107473639;0.477037238;0.516862044
682;69;2;-0.542201057;-0.971994211;0.516862044
683;69;3;2.181044597;-0.185202169;0.516862044
684;69;4;4.233083036;1.220963708;0.516862044
685;69;5;3.516197526;0.541284143;0.516862044
686;69;6;3.549189006;0.457357332;0.516862044
687;69;7;0.746414916;-1.03813104;0.516862044
688;69;8;0.192740131;-0.60451323;0.516862044
689;69;9;1.192357387;-0.764606014;0.516862044
690;69;10;2.592799552;0.39529587;0.516862044
691;70;1;0.609041951;-0.99050763;0.368964527
692;70;2;5.015810062;0.56204139;0.368964527
693;70;3;1.574864112;-1.116416412;0.368964527
694;70;4;6.770336232;1.828530458;0.368964527
695;70;5;4.535520001;0.460591349;0.368964527
696;70;6;1.402396854;-0.701003612;0.368964527
697;70;7;3.641143025;0.241045933;0.368964527
698;70;8;2.482798934;-0.352453199;0.368964527
699;70;9;3.836492842;0.37114796;0.368964527
700;70;10;4.088681755;0.243532719;0.368964527
701;71;1;-0.858285997;-1.014114173;-0.215380508
702;71;2;-1.409234709;-0.791313879;-0.215380508
703;71;3;0.984136723;0.299593685;-0.215380508
704;71;4;4.497761072;1.639051909;-0.215380508
705;71;5;2.405991612;1.084617009;-0.215380508
706;71;6;-2.149875452;-0.624567474;-0.215380508
707;71;7;2.310116277;0.825922902;-0.215380508
708;71;8;-0.139092131;-0.048568353;-0.215380508
709;71;9;0.504636681;0.301313652;-0.215380508
710;71;10;1.632409968;0.260361491;-0.215380508
711;72;1;5.098376172;2.575449764;0.065293034
712;72;2;-4.166991251;-1.185288811;0.065293034
713;72;3;-0.55917005;0.100919859;0.065293034
714;72;4;-4.883550854;-1.779977288;0.065293034
715;72;5;-0.025946783;0.589835923;0.065293034
716;72;6;1.527812935;1.096608472;0.065293034
717;72;7;1.721639383;1.445662241;0.065293034
718;72;8;-5.552495539;-1.925145252;0.065293034
719;72;9;-0.686187802;0.412769497;0.065293034
720;72;10;2.253285172;1.593369951;0.065293034
721;73;1;-0.007300494;-0.414015863;-0.034067254
722;73;2;2.112026024;-0.212150532;-0.034067254
723;73;3;1.132055404;-0.036537222;-0.034067254
724;73;4;2.729707932;0.365018751;-0.034067254
725;73;5;3.22384516;0.665159876;-0.034067254
726;73;6;5.270881408;1.317820884;-0.034067254
727;73;7;1.892154374;-0.09548759;-0.034067254
728;73;8;2.432230556;0.196278045;-0.034067254
729;73;9;7.313768556;2.487997877;-0.034067254
730;73;10;2.437395476;0.431098928;-0.034067254
731;74;1;1.634581978;0.188753109;2.128451899
732;74;2;-0.740668857;-1.342243125;2.128451899
733;74;3;1.702474093;0.002856048;2.128451899
734;74;4;0.274624527;-0.221326153;2.128451899
735;74;5;1.651911711;-0.01104583;2.128451899
736;74;6;-0.484604908;-0.575417641;2.128451899
737;74;7;-0.31776152;-0.686815652;2.128451899
738;74;8;0.518938115;-0.720773632;2.128451899
739;74;9;-0.199506432;-0.214504515;2.128451899
740;74;10;3.201783388;1.368132648;2.128451899
741;75;1;2.690182925;1.049086627;-0.741336096
742;75;2;-1.186023293;-0.359975118;-0.741336096
743;75;3;-2.808656064;-1.685916455;-0.741336096
744;75;4;-1.831968622;-0.844583429;-0.741336096
745;75;5;-0.760309892;-0.457760533;-0.741336096
746;75;6;0.555238789;0.103638004;-0.741336096
747;75;7;-1.709497151;-0.662607276;-0.741336096
748;75;8;3.802389255;2.006680691;-0.741336096
749;75;9;-0.810760318;-0.272267534;-0.741336096
750;75;10;-1.078523467;-1.21394447;-0.741336096
751;76;1;1.258123256;-0.141261757;-1.095996267
752;76;2;-0.296781715;-1.005377582;-1.095996267
753;76;3;1.61950788;0.156155707;-1.095996267
754;76;4;1.823945143;0.233633614;-1.095996267
755;76;5;2.878125794;0.355587612;-1.095996267
756;76;6;-1.935585117;-1.621858259;-1.095996267
757;76;7;1.929063969;0.220711291;-1.095996267
758;76;8;2.286954479;0.310450081;-1.095996267
759;76;9;-1.580505531;-1.421108448;-1.095996267
760;76;10;4.367836594;0.95536564;-1.095996267
761;77;1;1.588233145;0.784170879;0.037788399
762;77;2;6.339006405;2.299619361;0.037788399
763;77;3;0.871731223;0.156702987;0.037788399
764;77;4;1.506148071;0.046733528;0.037788399
765;77;5;-0.072295845;0.096585834;0.037788399
766;77;6;1.351693965;0.069766231;0.037788399
767;77;7;-2.524608726;-1.848472775;0.037788399
768;77;8;-3.243741411;-1.671127059;0.037788399
769;77;9;0.19488132;-0.077538967;0.037788399
770;77;10;-0.331251146;-0.581067381;0.037788399
771;78;1;0.615913427;0.054736525;0.310480749
772;78;2;-4.670893736;-2.111208373;0.310480749
773;78;3;-3.174936846;-1.498698255;0.310480749
774;78;4;-1.482770748;-1.101483439;0.310480749
775;78;5;1.342965484;0.986058221;0.310480749
776;78;6;-1.788560361;-1.098490007;0.310480749
777;78;7;-1.44012115;-0.799513954;0.310480749
778;78;8;-0.458636964;0.079873819;0.310480749
779;78;9;-1.044903982;-0.322746362;0.310480749
780;78;10;0.618995775;0.146417179;0.310480749
781;79;1;6.1341689;2.305061982;0.436523479
782;79;2;-0.137092985;-1.124603671;0.436523479
783;79;3;0.487733958;-0.30546964;0.436523479
784;79;4;-0.491197528;-0.51675945;0.436523479
785;79;5;4.948269536;1.512395427;0.436523479
786;79;6;-0.443715436;-0.769484923;0.436523479
787;79;7;1.295561675;-0.082086904;0.436523479
788;79;8;3.833353355;0.787133614;0.436523479
789;79;9;-0.842822879;-1.058590536;0.436523479
790;79;10;5.484694514;1.655175816;0.436523479
791;80;1;1.434880977;0.675762415;-0.458365333
792;80;2;-1.05373163;-1.07420661;-0.458365333
793;80;3;1.664481195;0.454577809;-0.458365333
794;80;4;-0.163074085;-0.213307143;-0.458365333
795;80;5;0.618379046;0.313228772;-0.458365333
796;80;6;0.490297409;-0.089975197;-0.458365333
797;80;7;2.900540426;1.070516037;-0.458365333
798;80;8;-1.931551392;-1.351100386;-0.458365333
799;80;9;-0.144879412;-0.522616697;-0.458365333
800;80;10;-0.096698167;-0.249190678;-0.458365333
801;81;1;-1.773298192;-0.995798725;-1.063326134
802;81;2;-1.487340029;-1.039955044;-1.063326134
803;81;3;0.167346052;-0.017980241;-1.063326134
804;81;4;0.819364677;-0.132175133;-1.063326134
805;81;5;-4.537516493;-2.549342775;-1.063326134
806;81;6;2.247613872;1.040573456;-1.063326134
807;81;7;0.070106109;0.249725736;-1.063326134
808;81;8;4.984675312;2.416207373;-1.063326134
809;81;9;2.867507021;0.685198238;-1.063326134
810;81;10;-0.70019871;-0.446959309;-1.063326134
811;82;1;7.19365563;2.797391147;1.263185176
812;82;2;8.007798788;2.832226024;1.263185176
813;82;3;-0.199904081;-1.218711816;1.263185176
814;82;4;3.330751429;0.469031956;1.263185176
815;82;5;1.455391609;-0.211246919;1.263185176
816;82;6;2.95230239;0.187051147;1.263185176
817;82;7;1.885654016;0.227542729;1.263185176
818;82;8;-0.531366321;-1.261900463;1.263185176
819;82;9;2.235981981;0.28558958;1.263185176
820;82;10;5.855747034;1.749247363;1.263185176
821;83;1;0.191338147;-0.164090004;-0.349650388
822;83;2;0.683515394;-0.162926711;-0.349650388
823;83;3;4.280909221;1.398572006;-0.349650388
824;83;4;2.321635021;0.898396241;-0.349650388
825;83;5;-3.109783189;-1.648494818;-0.349650388
826;83;6;0.499870357;0.228556973;-0.349650388
827;83;7;3.630092252;1.653547235;-0.349650388
828;83;8;3.250266556;1.41527635;-0.349650388
829;83;9;2.290318939;0.419951604;-0.349650388
830;83;10;1.332401617;0.721220807;-0.349650388
831;84;1;-1.728859025;-1.196935212;-0.865512863
832;84;2;1.607899906;0.300131567;-0.865512863
833;84;3;-0.403498021;-0.954448935;-0.865512863
834;84;4;0.706139911;-0.458018068;-0.865512863
835;84;5;2.628860135;0.935603684;-0.865512863
836;84;6;-0.998646803;-1.136893112;-0.865512863
837;84;7;1.72401013;0.266918251;-0.865512863
838;84;8;2.665887431;0.428332039;-0.865512863
839;84;9;1.866040175;0.05491197;-0.865512863
840;84;10;4.699857414;1.822188822;-0.865512863
841;85;1;-1.36032412;-1.022347329;-0.236279569
842;85;2;2.199995483;0.606130261;-0.236279569
843;85;3;-0.343233799;-0.088930567;-0.236279569
844;85;4;-0.015426317;-0.260832244;-0.236279569
845;85;5;1.876992563;0.464091234;-0.236279569
846;85;6;-1.641043605;-1.020400591;-0.236279569
847;85;7;-1.99548728;-1.313450917;-0.236279569
848;85;8;-0.338091865;-0.494480875;-0.236279569
849;85;9;3.803061346;1.75175715;-0.236279569
850;85;10;0.275663285;0.055764775;-0.236279569
851;86;1;1.796129196;0.331434398;-0.197175894
852;86;2;0.67998683;-0.189846638;-0.197175894
853;86;3;2.591227013;0.470492732;-0.197175894
854;86;4;0.094776037;-0.951679543;-0.197175894
855;86;5;3.54305376;1.157910467;-0.197175894
856;86;6;2.601940533;0.58470526;-0.197175894
857;86;7;-0.414919286;-0.806452823;-0.197175894
858;86;8;1.64298043;0.054553246;-0.197175894
859;86;9;2.775104987;0.716331619;-0.197175894
860;86;10;2.466953732;0.557730982;-0.197175894
861;87;1;6.172124754;1.481934016;1.10992029
862;87;2;0.932113074;-0.612987755;1.10992029
863;87;3;5.608004396;1.116136615;1.10992029
864;87;4;4.899451384;1.03654801;1.10992029
865;87;5;2.4172439;-0.162483132;1.10992029
866;87;6;0.419824847;-0.975926693;1.10992029
867;87;7;0.39156998;-1.089145191;1.10992029
868;87;8;3.754215476;0.457786958;1.10992029
869;87;9;1.477688562;-0.071126734;1.10992029
870;87;10;5.909243517;1.779102667;1.10992029
871;88;1;2.840821864;0.53513796;0.084737292
872;88;2;0.586419493;-0.371944875;0.084737292
873;88;3;-0.973798133;-1.025542248;0.084737292
874;88;4;-0.005100478;-0.582401675;0.084737292
875;88;5;2.281201439;0.342888393;0.084737292
876;88;6;-0.24173535;-0.450934647;0.084737292
877;88;7;2.941624998;0.51423012;0.084737292
878;88;8;-0.275593305;-0.334338052;0.084737292
879;88;9;1.014760558;-0.105559909;0.084737292
880;88;10;-0.377060448;-0.730509673;0.084737292
881;89;1;4.236882372;1.905043585;0.754053785
882;89;2;1.1773851;0.332621731;0.754053785
883;89;3;1.637401265;0.23063364;0.754053785
884;89;4;-2.392516538;-1.691862415;0.754053785
885;89;5;2.22025279;0.6597919;0.754053785
886;89;6;-2.156533758;-1.023623589;0.754053785
887;89;7;-1.394108197;-0.891521574;0.754053785
888;89;8;2.822124093;0.918341171;0.754053785
889;89;9;-0.293323562;-0.452700647;0.754053785
890;89;10;-2.844033718;-1.74837228;0.754053785
891;90;1;5.963740186;1.76990411;-0.499292017
892;90;2;-2.767858067;-2.377406925;-0.499292017
893;90;3;2.522862359;0.57281153;-0.499292017
894;90;4;3.699312101;1.017249249;-0.499292017
895;90;5;0.494774136;-0.630967867;-0.499292017
896;90;6;2.447588122;0.444287051;-0.499292017
897;90;7;2.295395581;0.439130388;-0.499292017
898;90;8;3.954505875;1.040623153;-0.499292017
899;90;9;3.237957746;0.484099388;-0.499292017
900;90;10;1.522820053;-0.244883779;-0.499292017
901;91;1;3.83263712;0.915992058;0.21444531
902;91;2;3.895881346;0.800622357;0.21444531
903;91;3;0.624547626;-0.936569034;0.21444531
904;91;4;-0.771105336;-1.400787434;0.21444531
905;91;5;2.64918419;0.16027754;0.21444531
906;91;6;0.980015308;-0.273962375;0.21444531
907;91;7;0.004822942;-0.985539113;0.21444531
908;91;8;2.058438732;0.08393068;0.21444531
909;91;9;-0.44143429;-1.319996526;0.21444531
910;91;10;2.60183897;0.161226351;0.21444531
911;92;1;0.074388239;-0.624928388;-0.324685911
912;92;2;2.917275441;0.957164274;-0.324685911
913;92;3;5.770175178;2.424489141;-0.324685911
914;92;4;-0.306644178;-0.915979244;-0.324685911
915;92;5;4.179800772;1.057664171;-0.324685911
916;92;6;2.642785662;0.825149728;-0.324685911
917;92;7;1.053266219;-0.070194224;-0.324685911
918;92;8;0.644101536;-0.453646374;-0.324685911
919;92;9;4.259359192;1.575307707;-0.324685911
920;92;10;-2.564075475;-2.005457818;-0.324685911
921;93;1;-0.024164142;-0.643194792;0.094583528
922;93;2;-1.975789183;-1.436843444;0.094583528
923;93;3;4.492371003;1.395313439;0.094583528
924;93;4;1.327770553;-0.190703433;0.094583528
925;93;5;0.748750854;-0.524671199;0.094583528
926;93;6;8.28811074;3.184044474;0.094583528
927;93;7;0.932768069;-0.050037268;0.094583528
928;93;8;0.166283927;-0.443749312;0.094583528
929;93;9;2.016363;0.29986525;0.094583528
930;93;10;-1.535785254;-1.568424621;0.094583528
931;94;1;0.735204452;0.490302643;-0.895363358
932;94;2;-0.479586561;-0.096163201;-0.895363358
933;94;3;0.552326726;0.468525123;-0.895363358
934;94;4;-1.299228082;-0.982370636;-0.895363358
935;94;5;-3.375638615;-1.022983842;-0.895363358
936;94;6;-1.546206098;-0.693414663;-0.895363358
937;94;7;-1.592460463;-0.767989573;-0.895363358
938;94;8;1.992707377;1.299049967;-0.895363358
939;94;9;3.275416316;1.579145562;-0.895363358
940;94;10;-1.372915503;-0.156891953;-0.895363358
941;95;1;1.464862991;-0.358936561;-1.310801533
942;95;2;0.215493729;-0.32903883;-1.310801533
943;95;3;0.742357198;0.069236478;-1.310801533
944;95;4;1.517278236;0.096904234;-1.310801533
945;95;5;2.366360654;0.290034388;-1.310801533
946;95;6;-0.113889783;-0.746678941;-1.310801533
947;95;7;-0.268184593;-0.846896389;-1.310801533
948;95;8;4.266009497;1.197077664;-1.310801533
949;95;9;0.078546499;-0.548627361;-1.310801533
950;95;10;2.268418299;0.303045695;-1.310801533
951;96;1;1.533372534;-0.056970534;1.997213385
952;96;2;0.299643149;-0.957849392;1.997213385
953;96;3;2.820196865;0.591061909;1.997213385
954;96;4;2.601938348;0.173104873;1.997213385
955;96;5;4.424493834;1.399783356;1.997213385
956;96;6;1.631645711;0.117459585;1.997213385
957;96;7;-0.393011839;-0.331545758;1.997213385
958;96;8;1.342607656;0.278294913;1.997213385
959;96;9;-1.132317505;-1.185591649;1.997213385
960;96;10;0.082694226;-0.835894053;1.997213385
961;97;1;4.346977121;0.510273251;0.600708824
962;97;2;3.093269913;-0.333120901;0.600708824
963;97;3;2.823859836;-0.065960946;0.600708824
964;97;4;3.120179127;-0.115221709;0.600708824
965;97;5;2.295165184;-0.650512619;0.600708824
966;97;6;-0.729382772;-2.018688659;0.600708824
967;97;7;4.241773193;0.34883497;0.600708824
968;97;8;4.675592407;0.761639508;0.600708824
969;97;9;1.097427546;-1.288716235;0.600708824
970;97;10;6.411965396;1.482402718;0.600708824
971;98;1;2.653759919;0.385154824;-1.251271362
972;98;2;3.615861992;1.341640295;-1.251271362
973;98;3;-0.344200288;-0.957170471;-1.251271362
974;98;4;1.49571548;0.166781288;-1.251271362
975;98;5;0.904087999;-0.100013959;-1.251271362
976;98;6;3.197048259;0.768507432;-1.251271362
977;98;7;0.674856626;-0.575859568;-1.251271362
978;98;8;2.028579714;-0.010097672;-1.251271362
979;98;9;-1.104712027;-1.778659149;-1.251271362
980;98;10;0.573932208;-0.777621443;-1.251271362
981;99;1;1.21481962;0.125033884;-0.611165917
982;99;2;-1.217081446;-0.706321492;-0.611165917
983;99;3;0.217657624;-0.043569486;-0.611165917
984;99;4;0.065449177;-0.467925974;-0.611165917
985;99;5;1.673180547;0.606930136;-0.611165917
986;99;6;1.955570942;1.168488309;-0.611165917
987;99;7;-1.609563903;-0.822501413;-0.611165917
988;99;8;0.348439595;-0.307036559;-0.611165917
989;99;9;3.03287057;1.439761258;-0.611165917
990;99;10;-3.772407759;-2.198923254;-0.611165917
991;100;1;-1.251725178;-0.319837792;-1.185480085
992;100;2;3.262068822;2.064704284;-1.185480085
993;100;3;3.592625999;2.193590069;-1.185480085
994;100;4;-0.110110022;0.156595323;-1.185480085
995;100;5;-2.241589429;-0.863608951;-1.185480085
996;100;6;0.329088966;0.165457419;-1.185480085
997;100;7;-2.024619627;-0.652774396;-1.185480085
998;100;8;1.824869601;1.452817282;-1.185480085
999;100;9;-2.149174703;-0.806482656;-1.185480085
1000;100;10;0.479329524;0.372911595;-1.185480085
